Alwernia;50.06666666666667;19.516666666666666
Andrychów;49.86666666666667;19.333333333333332
Annopol;50.88333333333333;21.866666666666667
Augustów;53.85;22.966666666666665
Babimost;52.164722222222224;15.828888888888889
Baborów;50.15777777777778;17.98
Barcin;52.85;17.95
Barczewo;53.836666666666666;20.69527777777778
Barlinek;52.992222222222225;15.216388888888888
Bartoszyce;54.25;20.8
Barwice;53.733333333333334;16.35
Bełchatów;51.36666666666667;19.366666666666667
Bełżyce;51.18333333333333;22.266666666666666
Będzin;50.32388888888889;19.129166666666666
Białobrzegi;51.65;20.95
Białogard;54.003055555555555;15.992222222222223
Białystok;53.11666666666667;23.166666666666668
Biecz;49.731944444444444;21.2625
Bielawa;50.7;16.616666666666667
Bielsko-Biała;49.8225;19.044444444444444
Bieruń;50.08972222222222;19.092777777777776
Bierutów;51.13333333333333;17.533333333333335
Bieżuń;52.95;19.883333333333333
Biłgoraj;50.55;22.733333333333334
Biskupiec;53.85;20.95
Bisztynek;54.06666666666667;20.9
Blachownia;50.77777777777778;18.975
Błaszki;51.65;18.433333333333334
Błażowa;49.9;22.1
Błonie;52.2;20.616666666666667
Bobolice;53.95;16.583333333333332
Bochnia;49.983333333333334;20.433333333333334
Bodzentyn;50.94083333333333;20.95777777777778
Bogatynia;50.9075;14.953888888888889
Boguszów-Gorce;50.755833333333335;16.205
Bojanowo;51.7;16.75
Bolesławiec;51.266666666666666;15.566666666666666
Bolków;50.93333333333333;16.1
Braniewo;54.38333333333333;19.833333333333332
Brańsk;52.75;22.833333333333332
Brodnica;53.25;19.4
Brok;52.7;21.85
Brusy;53.885555555555555;17.721944444444446
Brwinów;52.1425;20.7175
Brzesko;49.96666666666667;20.616666666666667
Brzeszcze;50.0;19.15
Brzeziny;51.8;19.75
Brzozów;49.695277777777775;22.019444444444446
Bukowno;50.268055555555556;19.463055555555556
Bychawa;51.016666666666666;22.533333333333335
Byczyna;51.11666666666667;18.216666666666665
Bydgoszcz;53.11666666666667;18.0
Bytom;50.348333333333336;18.915555555555557
Bytów;54.13333333333333;17.5
Cedynia;52.88333333333333;14.2
Chełm;51.15;23.483333333333334
Chełmek;50.09972222222222;19.24861111111111
Chełmno;53.365833333333335;18.422777777777778
Chełmża;53.2;18.6
Chęciny;50.80277777777778;20.467222222222222
Chocianów;51.416666666666664;15.916666666666666
Chociwel;53.46666666666667;15.333333333333334
Chodecz;52.405277777777776;19.028333333333332
Chodzież;52.99;16.911944444444444
Chojna;52.96333333333333;14.426944444444445
Chojnice;53.7;17.55
Chojnów;51.266666666666666;15.933333333333334
Choroszcz;53.143055555555556;22.985555555555557
Chorzele;53.25;20.9
Chorzów;50.3;18.95
Choszczno;53.16916666666667;15.419444444444444
Chrzanów;50.13333333333333;19.4
Ciechanowiec;52.68333333333333;22.5
Ciechanów;52.86666666666667;20.633333333333333
Ciechocinek;52.88333333333333;18.783333333333335
Cieszanów;50.246944444444445;23.129166666666666
Cieszyn;49.75;18.633333333333333
Ciężkowice;49.8;20.966666666666665
Cybinka;52.2;14.8
Czaplinek;53.55;16.233333333333334
Czarne;53.68333333333333;16.95
Czarnków;52.904444444444444;16.564166666666665
Czchów;49.85;20.683333333333334
Czechowice-Dziedzice;49.91111111111111;19.0075
Czeladź;50.31722222222222;19.07027777777778
Czempiń;52.15;16.766666666666666
Czerniejewo;52.43333333333333;17.483333333333334
Czersk;53.79277777777778;17.97388888888889
Czerwieńsk;52.01555555555556;15.405
Czerwionka-Leszczyny;50.14888888888889;18.677222222222223
Częstochowa;50.8;19.116666666666667
Człopa;53.08861111111111;16.120833333333334
Człuchów;53.65;17.366666666666667
Ćmielów;50.890277777777776;21.514722222222222
Darłowo;54.420833333333334;16.410555555555554
Dąbie;52.090833333333336;18.8225
Debrzno;53.53333333333333;17.233333333333334
Dębica;50.05138888888889;21.411666666666665
Dęblin;51.56666666666667;21.86138888888889
Dębno;52.73888888888889;14.697777777777778
Dobczyce;49.9;20.1
Dobiegniew;52.96666666666667;15.75
Dobrodzień;50.727777777777774;18.444444444444443
Dobrzany;53.35861111111111;15.426111111111112
Dolsk;51.981944444444444;17.066388888888888
Drawno;53.21666666666667;15.75
Drezdenko;52.833333333333336;15.833333333333334
Drobin;52.740833333333335;19.989166666666666
Dukla;49.55;21.683333333333334
Dynów;49.81666666666667;22.233333333333334
Działdowo;53.233333333333334;20.183333333333334
Działoszyce;50.36666666666667;20.35
Działoszyn;51.117777777777775;18.87
Dzierzgoń;53.92333333333333;19.351388888888888
Dzierżoniów;50.72805555555556;16.65111111111111
Elbląg;54.15833333333333;19.40277777777778
Ełk;53.82138888888889;22.362222222222222
Frampol;50.68333333333333;22.666666666666668
Frombork;54.35;19.683333333333334
Garwolin;51.9;21.633333333333333
Gąbin;52.4;19.733333333333334
Gdańsk;54.36666666666667;18.633333333333333
Gdynia;54.5;18.533333333333335
Giżycko;54.04;21.75888888888889
Glinojeck;52.81666666666667;20.283333333333335
Gliwice;50.28333333333333;18.666666666666668
Głogów;51.659166666666664;16.080555555555556
Głogówek;50.34388888888889;17.86722222222222
Głowno;51.964166666666664;19.711666666666666
Głubczyce;50.2;17.83416666666667
Głuchołazy;50.31305555555556;17.374166666666667
Głuszyca;50.68333333333333;16.366666666666667
Gniewkowo;52.9;18.416666666666668
Gniezno;52.53333333333333;17.6
Gogolin;50.488055555555555;18.023888888888887
Golczewo;53.82611111111111;14.981944444444444
Goleniów;53.56527777777778;14.830555555555556
Golina;52.25;18.1
Golub-Dobrzyń;53.11666666666667;19.05
Gołańcz;52.95;17.3
Gołdap;54.31611111111111;22.309444444444445
Goniądz;53.48916666666667;22.73777777777778
Gorlice;49.65;21.166666666666668
Gostynin;52.416666666666664;19.466666666666665
Gostyń;51.87916666666667;17.0125
Gozdnica;51.43888888888889;15.095555555555556
Górzno;53.19638888888889;19.64472222222222
Grajewo;53.65;22.45
Grodków;50.68333333333333;17.366666666666667
Grójec;51.86555555555555;20.8675
Grudziądz;53.4925;18.77611111111111
Grybów;49.62444444444444;20.948333333333334
Gryfice;53.91638888888889;15.199722222222222
Gryfino;53.253055555555555;14.4875
Gubin;51.95;14.716666666666667
Hajnówka;52.733333333333334;23.566666666666666
Hrubieszów;50.81666666666667;23.883333333333333
Iława;53.59638888888889;19.565555555555555
Iłowa;51.50194444444445;15.205833333333333
Iłża;51.166666666666664;21.25
Imielin;50.14527777777778;19.185833333333335
Inowrocław;52.793055555555554;18.261111111111113
Ińsko;53.435833333333335;15.550277777777778
Janikowo;52.75;18.1
Jarocin;51.96666666666667;17.5
Jarosław;50.01861111111111;22.67972222222222
Jasło;49.74777777777778;21.47138888888889
Jastarnia;54.699444444444445;18.676666666666666
Jastrowie;53.42166666666667;16.815555555555555
Jaworzno;50.13333333333333;19.266666666666666
Jedlicze;49.716388888888886;21.645555555555557
Jedwabne;53.28333333333333;22.3
Jelcz-Laskowice;51.03333333333333;17.333333333333332
Jeziorany;53.978611111111114;20.746388888888887
Jędrzejów;50.63333333333333;20.3
Jordanów;49.666666666666664;19.833333333333332
Jutrosin;51.647222222222226;17.169444444444444
Kalety;50.565;18.8825
Kalisz;51.7575;18.08
Kałuszyn;52.208333333333336;21.811666666666667
Kamieńsk;51.2;19.5
Kańczuga;50.0;22.4
Karczew;52.083333333333336;21.25
Kargowa;52.06666666666667;15.866666666666667
Karlino;54.03333333333333;15.873888888888889
Karpacz;50.778333333333336;15.757222222222222
Kartuzy;54.333333333333336;18.2
Katowice;50.25;19.0
Kcynia;52.99194444444444;17.484444444444446
Kędzierzyn-Koźle;50.35;18.2
Kępice;54.24111111111111;16.889722222222222
Kępno;51.28333333333333;17.983333333333334
Kętrzyn;54.083333333333336;21.383333333333333
Kęty;49.9;19.216666666666665
Kielce;50.88333333333333;20.616666666666667
Kietrz;50.079166666666666;18.00888888888889
Kisielice;53.606944444444444;19.259444444444444
Kleczew;52.37111111111111;18.176388888888887
Kleszczele;52.57666666666667;23.32138888888889
Kluczbork;50.983333333333334;18.216666666666665
Kłecko;52.63333333333333;17.433333333333334
Kłobuck;50.905;18.93777777777778
Kłodawa;52.25055555555556;18.915555555555557
Kłodzko;50.437777777777775;16.65277777777778
Knurów;50.221666666666664;18.670555555555556
Knyszyn;53.31305555555556;22.9175
Kobylin;51.7;17.233333333333334
Kobyłka;52.333333333333336;21.2
Kock;51.65;22.45
Kolbuszowa;50.25;21.766666666666666
Kolno;53.410555555555554;21.933888888888887
Kolonowskie;50.653055555555554;18.38888888888889
Koluszki;51.75;19.8
Kołobrzeg;54.17777777777778;15.576944444444445
Koniecpol;50.774166666666666;19.68888888888889
Konin;52.21666666666667;18.266666666666666
Konstancin-Jeziorna;52.083333333333336;21.116666666666667
Końskie;51.2;20.416666666666668
Korfantów;50.5;17.6
Koronowo;53.31666666666667;17.933333333333334
Korsze;54.17138888888889;21.141111111111112
Kostrzyn;52.394444444444446;17.221944444444443
Kostrzyn;52.394444444444446;17.221944444444443
Koszalin;54.19027777777778;16.181666666666665
Kościan;52.083333333333336;16.65
Kościerzyna;54.11666666666667;17.983333333333334
Kowary;50.791666666666664;15.833333333333334
Kozienice;51.583333333333336;21.566666666666666
Kożuchów;51.74527777777778;15.594444444444445
Kórnik;52.236666666666665;17.09861111111111
Krajenka;53.3;16.983333333333334
Kraków;50.06138888888889;19.938333333333333
Krapkowice;50.46666666666667;17.966666666666665
Krasnobród;50.54472222222222;23.21527777777778
Krasnystaw;50.98388888888889;23.169722222222223
Kraśnik;50.916666666666664;22.216666666666665
Krobia;51.78333333333333;16.983333333333334
Krosno;49.68222222222222;21.765833333333333
Krośniewice;52.25361111111111;19.17
Krotoszyn;51.69555555555556;17.436944444444446
Kruszwica;52.67722222222222;18.329166666666666
Krzepice;50.96722222222222;18.731944444444444
Krzeszowice;50.13333333333333;19.633333333333333
Krzywiń;51.96666666666667;16.816666666666666
Kunów;50.95861111111111;21.283055555555556
Kutno;52.233333333333334;19.366666666666667
Kwidzyn;53.73583333333333;18.930833333333332
Legionowo;52.38333333333333;20.883333333333333
Legnica;51.21666666666667;16.166666666666668
Lesko;49.474444444444444;22.32888888888889
Leszno;51.85;16.566666666666666
Leśna;51.02361111111111;15.266666666666667
Leśnica;50.42916666666667;18.18111111111111
Leżajsk;50.266666666666666;22.433333333333334
Lębork;54.541666666666664;17.75
Lędziny;50.1425;19.13083333333333
Libiąż;50.1;19.316666666666666
Lidzbark;53.26027777777778;19.82111111111111
Limanowa;49.70166666666667;20.425555555555555
Lipiany;53.003055555555555;14.969444444444445
Lipno;52.85;19.166666666666668
Lipsk;51.333333333333336;12.383333333333333
Lipsko;51.156666666666666;21.6575
Lubaczów;50.166666666666664;23.116666666666667
Lubartów;51.46666666666667;22.6
Lubawa;53.505;19.751666666666665
Lubawka;50.70333333333333;16.001944444444444
Lubin;51.4;16.2
Lublin;51.24805555555555;22.57027777777778
Lubliniec;50.68333333333333;18.683333333333334
Lubniewice;52.51638888888889;15.249722222222223
Lubomierz;51.016666666666666;15.516666666666667
Luboń;52.333333333333336;16.883333333333333
Lubraniec;52.54194444444445;18.835555555555555
Lubsko;51.78333333333333;14.966666666666667
Lwówek;52.45;16.183333333333334
Łabiszyn;52.95305555555556;17.914444444444445
Łańcut;50.06666666666667;22.233333333333334
Łapy;52.983333333333334;22.883333333333333
Łasin;53.5175;19.08361111111111
Łask;51.58972222222222;19.1325
Łaskarzew;51.79;21.5925
Łazy;50.426944444444445;19.39472222222222
Łeba;54.78333333333333;17.55
Łęczna;51.3;22.883333333333333
Łęczyca;52.05;19.2
Łęknica;51.538333333333334;14.739166666666666
Łobez;53.63333333333333;15.616666666666667
Łobżenica;53.266666666666666;17.25
Łochów;52.531666666666666;21.710555555555555
Łomianki;52.333333333333336;20.883333333333333
Łomża;53.166666666666664;22.083333333333332
Łosice;52.21666666666667;22.716666666666665
Łowicz;52.1;19.933333333333334
Łódź;51.78333333333333;19.466666666666665
Łuków;51.92722222222222;22.383333333333333
Malbork;54.03333333333333;19.033333333333335
Małogoszcz;50.81333333333333;20.268333333333334
Małomice;51.55722222222222;15.449444444444444
Margonin;52.97083333333333;17.094444444444445
Marki;52.333333333333336;21.1
Maszewo;53.483333333333334;15.066666666666666
Miastko;54.016666666666666;16.983333333333334
Miechów;50.35777777777778;20.0325
Mielec;50.28333333333333;21.433333333333334
Mieroszów;50.66694444444445;16.189722222222223
Mieszkowice;52.78333333333333;14.483333333333333
Międzybórz;51.399166666666666;17.665555555555557
Międzychód;52.600833333333334;15.889722222222222
Międzylesie;50.14944444444444;16.66638888888889
Międzylesie;50.14944444444444;16.66638888888889
Międzyrzecz;52.44833333333333;15.588333333333333
Międzyzdroje;53.92888888888889;14.45138888888889
Mikołajki;53.8;21.583333333333332
Mikołów;50.166666666666664;18.9
Mikstat;51.53333333333333;17.966666666666665
Milanówek;52.12416666666667;20.665277777777778
Milicz;51.53333333333333;17.283333333333335
Miłakowo;54.01027777777778;20.072222222222223
Miłomłyn;53.766666666666666;19.833333333333332
Miłosław;52.20666666666666;17.483055555555556
Mirosławiec;53.34388888888889;16.087222222222223
Mirsk;50.969166666666666;15.382777777777777
Mława;53.11666666666667;20.366666666666667
Młynary;54.187222222222225;19.729166666666668
Mogielnica;51.68972222222222;20.723055555555554
Mogilno;52.65;17.95
Mońki;53.4;22.816666666666666
Morąg;53.916666666666664;19.933333333333334
Mordy;52.20805555555555;22.511944444444445
Moryń;52.85944444444444;14.393611111111111
Mosina;52.24666666666667;16.845
Mrągowo;53.86666666666667;21.3
Mrocza;53.2425;17.59888888888889
Mszczonów;51.97416666666667;20.526666666666667
Muszyna;49.358333333333334;20.9
Mysłowice;50.233333333333334;19.133333333333333
Myszków;50.57555555555555;19.325833333333332
Myszyniec;53.382222222222225;21.351388888888888
Myślenice;49.833333333333336;19.933333333333334
Myślibórz;52.92472222222222;14.866388888888888
Nałęczów;51.28333333333333;22.216666666666665
Namysłów;51.07277777777778;17.706944444444446
Narol;50.35027777777778;23.327222222222222
Nasielsk;52.6;20.8
Nekla;52.239444444444445;17.08
Nidzica;53.358333333333334;20.425
Niemcza;50.71666666666667;16.833333333333332
Niemodlin;50.63333333333333;17.6
Niepołomice;50.03388888888889;20.217222222222222
Nieszawa;52.836666666666666;18.90138888888889
Nisko;50.53333333333333;22.133333333333333
Nowe;53.64944444444444;18.725555555555555
Nowogrodziec;51.20111111111111;15.385555555555555
Nysa;50.47138888888889;17.33388888888889
Oborniki;52.65;16.816666666666666
Obrzycko;52.70638888888889;16.529166666666665
Odolanów;51.57416666666666;17.67361111111111
Ogrodzieniec;50.45111111111111;19.51888888888889
Okonek;53.53333333333333;16.85
Olecko;54.03611111111111;22.498055555555556
Olesno;50.875;18.416666666666668
Oleszyce;50.16694444444445;23.030833333333334
Oleśnica;51.2;17.383333333333333
Olkusz;50.28333333333333;19.566666666666666
Olsztyn;53.78333333333333;20.5
Olsztynek;53.583333333333336;20.283333333333335
Oława;50.93333333333333;17.3
Opalenica;52.30916666666667;16.409444444444443
Opatów;50.805;21.424722222222222
Opoczno;51.37722222222222;20.286944444444444
Opole;50.666666666666664;17.933333333333334
Orneta;54.11277777777778;20.131666666666668
Orzesze;50.15;18.75
Orzysz;53.80888888888889;21.948333333333334
Osieczna;51.905833333333334;16.676388888888887
Ostrołęka;53.06666666666667;21.566666666666666
Ostroróg;52.63333333333333;16.466666666666665
Ostróda;53.7;19.966666666666665
Ostrzeszów;51.425;17.92972222222222
Ostrzeszów;51.425;17.92972222222222
Oświęcim;50.05;19.233333333333334
Otmuchów;50.46666666666667;17.175
Otwock;52.11666666666667;21.266666666666666
Ozimek;50.67305555555556;18.213055555555556
Ozorków;51.96666666666667;19.283333333333335
Ożarów;50.89083333333333;21.66777777777778
Pabianice;51.65;19.383333333333333
Paczków;50.45;17.0
Pajęczno;51.15;19.0
Pakość;52.805277777777775;18.08388888888889
Parczew;51.63333333333333;22.866666666666667
Pasłęk;54.05;19.666666666666668
Pasym;53.647777777777776;20.79083333333333
Pelplin;53.92611111111111;18.70111111111111
Pełczyce;53.043055555555554;15.304722222222223
Piaseczno;52.06666666666667;21.016666666666666
Piastów;52.18333333333333;20.85
Piechowice;50.855555555555554;15.61888888888889
Pieniężno;54.21666666666667;20.116666666666667
Pieńsk;51.24638888888889;15.046111111111111
Pieszyce;50.71666666666667;16.583333333333332
Pilica;51.86277777777778;21.280833333333334
Pilzno;49.733333333333334;13.366666666666667
Pińczów;50.53333333333333;20.533333333333335
Pionki;51.48166666666667;21.450277777777778
Pisz;53.61666666666667;21.8
Pleszew;51.897222222222226;17.785555555555554
Płock;52.55;19.7
Płońsk;52.63333333333333;20.383333333333333
Płoty;53.808055555555555;15.264722222222222
Pniewy;52.516666666666666;16.266666666666666
Pobiedziska;52.483333333333334;17.266666666666666
Poddębice;51.9;18.966666666666665
Pogorzela;51.82083333333333;17.23472222222222
Polanów;54.11944444444445;16.688333333333333
Police;53.55;14.570833333333333
Polkowice;51.5;16.066666666666666
Połaniec;50.43333333333333;21.283333333333335
Poniatowa;51.18333333333333;22.066666666666666
Poniec;51.75833333333333;16.816666666666666
Poręba;50.492777777777775;19.33361111111111
Poznań;52.406666666666666;16.92361111111111
Prabuty;53.755833333333335;19.1975
Praszka;51.05;18.45
Prochowice;51.274166666666666;16.365
Proszowice;50.2;20.3
Prudnik;50.319722222222225;17.579166666666666
Prusice;51.370555555555555;16.959722222222222
Pruszków;52.166666666666664;20.8
Przasnysz;53.016666666666666;20.883333333333333
Przedbórz;51.083333333333336;19.883333333333333
Przedecz;52.28333333333333;18.9
Przemków;51.516666666666666;15.8
Przemyśl;49.78333333333333;22.766666666666666
Przeworsk;50.06666666666667;22.5
Przysucha;51.358333333333334;20.628333333333334
Pszczyna;49.983333333333334;18.95
Pszów;50.03944444444444;18.395
Puck;54.7;18.4
Puławy;51.416666666666664;21.966666666666665
Pułtusk;52.7;21.083333333333332
Puszczykowo;52.281666666666666;16.854166666666668
Pyrzyce;53.143055555555556;14.893055555555556
Pyskowice;50.39805555555556;18.6275
Pyzdry;52.166666666666664;17.683333333333334
Rabka;49.61666666666667;19.966666666666665
Raciąż;52.779444444444444;20.115277777777777
Racibórz;50.091944444444444;18.219722222222224
Radków;50.50388888888889;16.403333333333332
Radlin;50.04888888888889;18.476666666666667
Radom;51.40361111111111;21.156666666666666
Radomsko;51.06666666666667;19.45
Radymno;49.95;22.816388888888888
Radziejów;52.63333333333333;18.516666666666666
Radzionków;50.39972222222222;18.901666666666667
Radzymin;52.416666666666664;21.183333333333334
Rajgród;53.73027777777778;22.6925
Rakoniewice;52.14083333333333;16.273055555555555
Raszków;51.71666666666667;17.733333333333334
Rawicz;51.60916666666667;16.8575
Recz;53.26222222222222;15.547222222222222
Resko;53.8;15.4
Reszel;54.05222222222222;21.16138888888889
Rogoźno;52.74916666666667;16.99972222222222
Ropczyce;50.083333333333336;21.633333333333333
Różan;52.882777777777775;21.385555555555555
Ruciane-Nida;53.6425;21.549166666666668
Rumia;54.57055555555556;18.387777777777778
Rybnik;50.083333333333336;18.55
Rychwał;52.07111111111111;18.171666666666667
Rydułtowy;50.05833333333333;18.416666666666668
Rydzyna;51.8;16.666666666666668
Ryki;51.624722222222225;21.933055555555555
Rymanów;49.56666666666667;21.883333333333333
Ryn;53.937777777777775;21.548055555555557
Rypin;53.06666666666667;19.45
Rzepin;52.35;14.833333333333334
Rzeszów;50.033611111111114;22.004722222222224
Sandomierz;50.68333333333333;21.75
Sanok;49.55;22.216666666666665
Sejny;54.11666666666667;23.366666666666667
Serock;52.51305555555555;21.069444444444443
Sędziszów;50.583333333333336;20.066666666666666
Sępopol;54.268055555555556;21.00027777777778
Sianów;54.23027777777778;16.2975
Siechnice;51.03666666666667;17.1525
Siedlce;52.165;22.27138888888889
Siemiatycze;52.42722222222222;22.8625
Sieniawa;50.17805555555555;22.610555555555557
Sieradz;51.6;18.75
Sieraków;52.65;16.1
Sierpc;52.88333333333333;19.666666666666668
Siewierz;50.466388888888886;19.23
Skalbmierz;50.333333333333336;20.416666666666668
Skarszewy;54.06722222222222;18.445833333333333
Skarżysko-Kamienna;51.11666666666667;20.85
Skawina;49.983333333333334;19.833333333333332
Skępe;52.86611111111111;19.346944444444443
Skierniewice;51.952777777777776;20.141666666666666
Skoczów;49.803333333333335;18.789722222222224
Skórcz;53.79666666666667;18.52611111111111
Skwierzyna;52.6;15.5
Sławków;50.29805555555556;19.388333333333332
Sławno;54.36222222222222;16.68027777777778
Słomniki;50.240833333333335;20.081666666666667
Słubice;52.350833333333334;14.560277777777777
Słupca;52.3;17.866666666666667
Słupsk;54.465833333333336;17.029166666666665
Sobótka;50.89861111111111;16.744444444444444
Sochaczew;52.229166666666664;20.238611111111112
Sokółka;53.4;23.5
Sompolno;52.4;18.5
Sopot;54.43333333333333;18.55
Sosnowiec;50.3;19.166666666666668
Sośnicowice;50.272222222222226;18.529722222222222
Starachowice;51.05;21.066666666666666
Staszów;50.56055555555555;21.166666666666668
Stawiski;53.37972222222222;22.154722222222222
Stawiszyn;51.91833333333334;18.11138888888889
Stąporków;51.15;20.55
Stęszew;52.278888888888886;16.708055555555557
Stryków;51.90111111111111;19.610833333333332
Strzegom;50.96111111111111;16.344444444444445
Strzelin;50.78333333333333;17.066666666666666
Strzelno;52.629444444444445;18.17
Strzyżów;49.88333333333333;21.783333333333335
Suchań;53.27861111111111;15.324722222222222
Suchedniów;51.05166666666667;20.8325
Suchowola;53.57666666666667;23.101666666666667
Sulechów;52.083333333333336;15.616666666666667
Sulejów;51.352777777777774;19.884722222222223
Sulejówek;52.244166666666665;21.28
Sulęcin;52.45;15.116666666666667
Sulmierzyce;51.6;17.533333333333335
Sułkowice;49.83777777777778;19.795555555555556
Supraśl;53.21666666666667;23.333333333333332
Suraż;52.95527777777778;22.955277777777777
Susz;53.72;19.337222222222223
Susz;53.72;19.337222222222223
Suwałki;54.083333333333336;22.933333333333334
Swarzędz;52.40833333333333;17.07138888888889
Syców;51.31;17.72361111111111
Szadek;51.7;18.983333333333334
Szamocin;53.030277777777776;17.120555555555555
Szamotuły;52.6;16.583333333333332
Szczawnica;49.422777777777775;20.482777777777777
Szczebrzeszyn;50.68333333333333;22.966666666666665
Szczecin;53.43805555555556;14.542222222222222
Szczecinek;53.71666666666667;16.683333333333334
Szczekociny;50.6275;19.825277777777778
Szczyrk;49.71611111111111;19.026944444444446
Szczytna;50.416666666666664;16.433333333333334
Szczytno;53.562777777777775;20.985277777777778
Szlichtyngowa;51.71666666666667;16.25
Szprotawa;51.56666666666667;15.5
Sztum;53.92166666666667;19.03361111111111
Szubin;53.016666666666666;17.75
Szydłowiec;51.233333333333334;20.85
Ścinawa;51.41111111111111;16.423055555555557
Ślesin;52.36666666666667;18.3
Śmigiel;52.009166666666665;16.51861111111111
Śrem;52.083333333333336;17.016666666666666
Świdnica;50.84444444444444;16.491666666666667
Świdnik;51.21666666666667;22.7
Świdwin;53.78333333333333;15.766666666666667
Świebodzice;50.85;16.316666666666666
Świebodzin;52.25;15.533333333333333
Świecie;53.416666666666664;18.433333333333334
Świerzawa;51.016666666666666;15.9
Świętochłowice;50.29194444444445;18.91777777777778
Świnoujście;53.90777777777778;14.2475
Tarnobrzeg;50.583333333333336;21.683333333333334
Tarnogród;50.361111111111114;22.741666666666667
Tarnów;50.0125;20.988611111111112
Tczew;54.1;18.716666666666665
Terespol;52.083333333333336;23.566666666666666
Tolkmicko;54.32055555555556;19.530555555555555
Toruń;53.03333333333333;18.616666666666667
Torzym;52.312777777777775;15.077777777777778
Toszek;50.454166666666666;18.522222222222222
Trzcianka;53.041666666666664;16.461111111111112
Trzciel;52.36666666666667;15.883333333333333
Trzebiatów;54.05722222222222;15.278611111111111
Trzebinia;50.166666666666664;19.483333333333334
Trzebnica;51.305;17.06138888888889
Trzemeszno;52.564166666666665;17.82777777777778
Tuchola;53.6;17.85
Tuchów;49.9;21.05
Tuczno;53.193888888888885;16.154444444444444
Tuliszków;52.06666666666667;18.283333333333335
Turek;52.01138888888889;18.490277777777777
Tuszyn;51.60916666666667;19.53
Twardogóra;51.36472222222222;17.469722222222224
Tychy;50.13333333333333;18.983333333333334
Tyczyn;49.96666666666667;22.033333333333335
Tykocin;53.20305555555556;22.770833333333332
Ujazd;50.39055555555556;18.354166666666668
Ulanów;50.5;22.266666666666666
Uniejów;51.97;18.80027777777778
Ustka;54.57861111111111;16.869166666666665
Ustroń;49.71666666666667;18.816666666666666
Wadowice;49.88333333333333;19.5
Wałbrzych;50.78333333333333;16.283333333333335
Wałcz;53.27111111111111;16.466666666666665
Warka;51.78333333333333;21.2
Warszawa;52.23222222222222;21.008333333333333
Warta;52.59861111111111;14.610277777777778
Wasilków;53.205;23.204444444444444
Wąbrzeźno;53.28333333333333;18.95
Wąchock;51.07416666666666;21.01361111111111
Wągrowiec;52.80694444444445;17.206944444444446
Wejherowo;54.6;18.25
Węgliniec;51.288333333333334;15.225555555555555
Węgorzewo;54.21666666666667;21.75
Węgorzyno;53.53888888888889;15.562777777777779
Węgrów;52.4;22.016666666666666
Wiązów;50.81527777777778;17.203611111111112
Wieleń;52.89222222222222;16.17361111111111
Wielichowo;52.11888888888889;16.349444444444444
Wieliczka;49.989444444444445;20.066111111111113
Wieluń;51.2225;18.573888888888888
Wieruszów;51.3;18.15
Więcbork;53.354166666666664;17.49277777777778
Wilamowice;49.91638888888889;19.151944444444446
Wisła;49.60583333333334;19.003611111111113
Witkowo;52.43638888888889;17.774166666666666
Witnica;52.67777777777778;14.891388888888889
Wleń;51.016666666666666;15.670555555555556
Władysławowo;54.833888888888886;18.315555555555555
Włocławek;52.65;19.05
Włodawa;51.55;23.55
Włoszczowa;50.854166666666664;19.966944444444444
Wojcieszów;50.95472222222222;15.923055555555555
Wojkowice;50.36472222222222;19.036666666666665
Wolbrom;50.4;19.766666666666666
Wolsztyn;52.11666666666667;16.116666666666667
Wołczyn;51.01833333333333;18.056944444444444
Wołomin;52.33888888888889;21.24222222222222
Wołów;51.341388888888886;16.628333333333334
Woźniki;50.625277777777775;19.064444444444444
Wrocław;51.11;17.022222222222222
Wronki;52.7;16.383333333333333
Września;52.333333333333336;17.583333333333332
Wschowa;51.8;16.3
Wyrzysk;53.15;17.266666666666666
Wyszków;52.593333333333334;21.46
Wyszogród;52.389722222222225;20.190833333333334
Wyśmierzyce;51.62416666666667;20.813333333333333
Zabłudów;53.016666666666666;23.333333333333332
Zabrze;50.3;18.783333333333335
Zagórów;52.16555555555556;17.891666666666666
Zagórz;49.516666666666666;22.266666666666666
Zakopane;49.3;19.95
Zakroczym;52.43333333333333;20.616666666666667
Zalewo;53.846111111111114;19.610277777777778
Zambrów;52.983333333333334;22.25
Zamość;50.720555555555556;23.25861111111111
Zawadzkie;50.60944444444444;18.48
Zawichost;50.806666666666665;21.85638888888889
Zawidów;51.016666666666666;15.066666666666666
Zawiercie;50.4875;19.41638888888889
Ząbki;52.29277777777778;21.11611111111111
Zbąszynek;52.25;15.816666666666666
Zbąszyń;52.253055555555555;15.917777777777777
Zduny;51.646388888888886;17.377777777777776
Zdzieszowice;50.41916666666667;18.12361111111111
Zelów;51.46666666666667;19.22138888888889
Zgierz;51.85;19.416666666666668
Zgorzelec;51.15027777777778;15.008611111111112
Zielonka;52.303333333333335;21.160555555555554
Ziębice;50.6;17.033333333333335
Złocieniec;53.526944444444446;16.01222222222222
Złoczew;51.414722222222224;18.607222222222223
Złotoryja;51.13333333333333;15.916666666666666
Złotów;53.360277777777775;17.04083333333333
Zwoleń;51.356944444444444;21.58388888888889
Żabno;50.132777777777775;20.885277777777777
Żagań;51.61666666666667;15.316666666666666
Żarki;50.62416666666667;19.363888888888887
Żarów;50.93333333333333;16.483333333333334
Żary;51.63333333333333;15.133333333333333
Żelechów;51.81333333333333;21.89611111111111
Żerków;52.06666666666667;17.566666666666666
Żmigród;51.47027777777778;16.905
Żnin;52.85;17.7
Żory;50.05;18.7
Żukowo;54.34583333333333;18.360555555555557
Żuromin;53.06666666666667;19.9
Żychlin;52.24527777777778;19.62361111111111
Żyrardów;52.048611111111114;20.445833333333333
Żywiec;49.689166666666665;19.205833333333334
